"","start","end"
"1",1,1074
"2",1075,2208
"3",2209,2472
"4",2473,2754
"5",2755,3249
"6",3250,3828
"7",3829,4281
"8",4282,4878
"9",4879,5064
"10",5065,5499
"11",5500,5763
"12",5764,6051
"13",6052,6345
"14",6346,7077
"15",7078,7821
"16",7822,8310
"17",8311,8610
"18",8611,8835
"19",8836,9375
"20",9376,10050
"21",10051,10809
"22",10810,11280
"23",11281,11787
"24",11788,12342
"25",12343,13134
"26",13135,14154
"27",14155,14526
"28",14527,15006
"29",15007,15315
"30",15316,15732
"31",15733,16569
"32",16570,16929
"33",16930,17898
"34",17899,18183
"35",18184,18552
"36",18553,19074
"37",19075,19464
"38",19465,19896
"39",19897,20385
"40",20386,20997
"41",20998,21381
"42",21382,21993
"43",21994,23622
"44",23623,24417
"45",24418,25404
"46",25405,25785
"47",25786,26091
"48",26092,26916
"49",26917,27270
"50",27271,27885
"51",27886,28689
"52",28690,29439
"53",29440,30630
"54",30631,31839
"55",31840,32982
"56",32983,34485
"57",34486,34719
"58",34720,34938
"59",34939,36144
"60",36145,36972
"61",36973,37854
"62",37855,38943
"63",38944,39483
"64",39484,40212
"65",40213,41655
"66",41656,42069
"67",42070,42309
"68",42310,43236
"69",43237,43737
"70",43738,44187
"71",44188,45012
"72",45013,45486
"73",45487,47211
"74",47212,47670
"75",47671,48105
"76",48106,48510
"77",48511,49317
"78",49318,49779
"79",49780,49986
"80",49987,51747
"81",51748,52323
"82",52324,53193
"83",53194,54045
"84",54046,55023
"85",55024,56433
"86",56434,57723
"87",57724,59397
"88",59398,59937
"89",59938,63693
"90",63694,64347
"91",64348,64857
"92",64858,65898
"93",65899,66189
"94",66190,66483
"95",66484,67122
"96",67123,68805
"97",68806,69486
"98",69487,69810
"99",69811,71004
"100",71005,72006
"101",72007,75975
"102",75976,77577
"103",77578,79344
"104",79345,81327
"105",81328,82572
"106",82573,83046
"107",83047,84015
"108",84016,84552
"109",84553,87075
"110",87076,88068
"111",88069,89802
"112",89803,90615
"113",90616,91359
"114",91360,92790
"115",92791,93411
"116",93412,94251
"117",94252,95925
"118",95926,96627
"119",96628,97734
"120",97735,99024
"121",99025,99957
"122",99958,101460
"123",101461,102420
"124",102421,103167
"125",103168,104181
"126",104182,105135
"127",105136,106845
"128",106846,107862
"129",107863,109230
"130",109231,110919
"131",110920,111936
"132",111937,112515
"133",112516,113463
"134",113464,114846
"135",114847,116244
"136",116245,117474
"137",117475,118857
"138",118858,119382
"139",119383,120525
"140",120526,121689
"141",121690,122721
"142",122722,123888
"143",123889,125223
"144",125224,125712
"145",125713,126549
"146",126550,127260
"147",127261,127971
"148",127972,129015
"149",129016,130194
"150",130195,132228
"151",132229,132969
"152",132970,135690
"153",135691,137910
"154",137911,139518
"155",139519,140235
"156",140236,140877
"157",140878,141717
